run_id,statement_id,domain,arm,n_reframes,naming_failures,encode_failures,judge_failures,diversity,coherence,tokens,calls,cache_hits
20260808T152650Z,product-1,product,A,8,0,0,0,0.9493,3.0000,654,10,0
20260808T152650Z,product-1,product,B,8,0,0,0,1.0220,3.0000,840,17,0
20260808T152650Z,product-2,product,A,8,0,0,0,0.9939,5.0000,654,10,0
20260808T152650Z,product-2,product,B,8,0,0,0,1.0244,5.0000,842,17,0
20260808T152650Z,product-3,product,A,8,0,0,0,0.8519,3.0000,652,10,0
20260808T152650Z,product-3,product,B,8,0,0,0,1.0727,3.0000,844,17,0
20260808T152650Z,product-4,product,A,8,0,0,0,1.0969,4.0000,652,10,0
20260808T152650Z,product-4,product,B,8,0,0,0,1.0021,4.0000,842,17,0
20260808T152650Z,product-5,product,A,8,0,0,0,1.0115,5.0000,654,10,0
20260808T152650Z,product-5,product,B,8,0,0,0,1.0234,5.0000,843,17,0
20260808T152650Z,policy-1,policy,A,8,0,0,0,1.0466,5.0000,652,10,0
20260808T152650Z,policy-1,policy,B,8,0,0,0,0.9286,5.0000,842,17,0
20260808T152650Z,policy-2,policy,A,8,0,0,0,1.0361,3.0000,655,10,0
20260808T152650Z,policy-2,policy,B,8,0,0,0,1.0551,3.0000,842,17,0
20260808T152650Z,policy-3,policy,A,8,0,0,0,1.0468,5.0000,653,10,0
20260808T152650Z,policy-3,policy,B,8,0,0,0,0.9952,5.0000,842,17,0
20260808T152650Z,policy-4,policy,A,8,0,0,0,1.0255,4.0000,653,10,0
20260808T152650Z,policy-4,policy,B,8,0,0,0,0.9504,4.0000,842,17,0
20260808T152650Z,policy-5,policy,A,8,0,0,0,0.9723,3.0000,652,10,0
20260808T152650Z,policy-5,policy,B,8,0,0,0,0.9820,3.0000,841,17,0
20260808T152650Z,science-1,science,A,8,0,0,0,1.0818,3.0000,655,10,0
20260808T152650Z,science-1,science,B,8,0,0,0,1.0783,3.0000,843,17,0
20260808T152650Z,science-2,science,A,8,0,0,0,1.0048,4.0000,652,10,0
20260808T152650Z,science-2,science,B,8,0,0,0,0.9557,4.0000,844,17,0
20260808T152650Z,science-3,science,A,8,0,0,0,0.9849,3.0000,653,10,0
20260808T152650Z,science-3,science,B,8,0,0,0,1.1035,3.0000,845,17,0
20260808T152650Z,science-4,science,A,8,0,0,0,0.9914,5.0000,651,10,0
20260808T152650Z,science-4,science,B,8,0,0,0,1.0642,5.0000,841,17,0
20260808T152650Z,science-5,science,A,8,0,0,0,0.9983,3.0000,651,10,0
20260808T152650Z,science-5,science,B,8,0,0,0,1.0431,3.0000,846,17,0
20260808T152650Z,design-1,design,A,8,0,0,0,0.9369,5.0000,656,10,0
20260808T152650Z,design-1,design,B,8,0,0,0,1.0632,5.0000,844,17,0
20260808T152650Z,design-2,design,A,8,0,0,0,1.0054,4.0000,654,10,0
20260808T152650Z,design-2,design,B,8,0,0,0,0.9315,4.0000,842,17,0
20260808T152650Z,design-3,design,A,8,0,0,0,0.9318,3.0000,651,10,0
20260808T152650Z,design-3,design,B,8,0,0,0,1.0159,3.0000,844,17,0
20260808T152650Z,design-4,design,A,8,0,0,0,1.0057,5.0000,654,10,0
20260808T152650Z,design-4,design,B,8,0,0,0,1.0004,5.0000,848,17,0
20260808T152650Z,design-5,design,A,8,0,0,0,0.9721,5.0000,653,10,0
20260808T152650Z,design-5,design,B,8,0,0,0,1.0675,5.0000,845,17,0
20260808T152748Z,product-1,product,A,8,0,0,0,0.9493,3.0000,654,10,0
20260808T152748Z,product-1,product,B,8,0,0,0,1.0220,3.0000,840,17,0
20260808T152748Z,product-2,product,A,8,0,0,0,0.9939,5.0000,654,10,0
20260808T152748Z,product-2,product,B,8,0,0,0,1.0244,5.0000,842,17,0
20260808T152748Z,product-3,product,A,8,0,0,0,0.8519,3.0000,652,10,0
20260808T152748Z,product-3,product,B,8,0,0,0,1.0727,3.0000,844,17,0
20260808T152748Z,product-4,product,A,8,0,0,0,1.0969,4.0000,652,10,0
20260808T152748Z,product-4,product,B,8,0,0,0,1.0021,4.0000,842,17,0
20260808T152748Z,product-5,product,A,8,0,0,0,1.0115,5.0000,654,10,0
20260808T152748Z,product-5,product,B,8,0,0,0,1.0234,5.0000,843,17,0
20260808T152748Z,policy-1,policy,A,8,0,0,0,1.0466,5.0000,652,10,0
20260808T152748Z,policy-1,policy,B,8,0,0,0,0.9286,5.0000,842,17,0
20260808T152748Z,policy-2,policy,A,8,0,0,0,1.0361,3.0000,655,10,0
20260808T152748Z,policy-2,policy,B,8,0,0,0,1.0551,3.0000,842,17,0
20260808T152748Z,policy-3,policy,A,8,0,0,0,1.0468,5.0000,653,10,0
20260808T152748Z,policy-3,policy,B,8,0,0,0,0.9952,5.0000,842,17,0
20260808T152748Z,policy-4,policy,A,8,0,0,0,1.0255,4.0000,653,10,0
20260808T152748Z,policy-4,policy,B,8,0,0,0,0.9504,4.0000,842,17,0
20260808T152748Z,policy-5,policy,A,8,0,0,0,0.9723,3.0000,652,10,0
20260808T152748Z,policy-5,policy,B,8,0,0,0,0.9820,3.0000,841,17,0
20260808T152748Z,science-1,science,A,8,0,0,0,1.0818,3.0000,655,10,0
20260808T152748Z,science-1,science,B,8,0,0,0,1.0783,3.0000,843,17,0
20260808T152748Z,science-2,science,A,8,0,0,0,1.0048,4.0000,652,10,0
20260808T152748Z,science-2,science,B,8,0,0,0,0.9557,4.0000,844,17,0
20260808T152748Z,science-3,science,A,8,0,0,0,0.9849,3.0000,653,10,0
20260808T152748Z,science-3,science,B,8,0,0,0,1.1035,3.0000,845,17,0
20260808T152748Z,science-4,science,A,8,0,0,0,0.9914,5.0000,651,10,0
20260808T152748Z,science-4,science,B,8,0,0,0,1.0642,5.0000,841,17,0
20260808T152748Z,science-5,science,A,8,0,0,0,0.9983,3.0000,651,10,0
20260808T152748Z,science-5,science,B,8,0,0,0,1.0431,3.0000,846,17,0
20260808T152748Z,design-1,design,A,8,0,0,0,0.9369,5.0000,656,10,0
20260808T152748Z,design-1,design,B,8,0,0,0,1.0632,5.0000,844,17,0
20260808T152748Z,design-2,design,A,8,0,0,0,1.0054,4.0000,654,10,0
20260808T152748Z,design-2,design,B,8,0,0,0,0.9315,4.0000,842,17,0
20260808T152748Z,design-3,design,A,8,0,0,0,0.9318,3.0000,651,10,0
20260808T152748Z,design-3,design,B,8,0,0,0,1.0159,3.0000,844,17,0
20260808T152748Z,design-4,design,A,8,0,0,0,1.0057,5.0000,654,10,0
20260808T152748Z,design-4,design,B,8,0,0,0,1.0004,5.0000,848,17,0
20260808T152748Z,design-5,design,A,8,0,0,0,0.9721,5.0000,653,10,0
20260808T152748Z,design-5,design,B,8,0,0,0,1.0675,5.0000,845,17,0
20260808T154020Z,product-1,product,A,8,0,0,0,0.1190,5.0000,2821,10,0
20260808T154020Z,product-1,product,B,8,0,0,0,0.6339,2.0000,3904,17,0
20260808T154020Z,product-2,product,A,8,0,0,0,0.1496,5.0000,2723,10,0
20260808T154020Z,product-2,product,B,8,0,0,0,0.1822,3.0000,3912,17,1
20260808T154020Z,product-3,product,A,8,0,0,0,0.1626,5.0000,2787,10,0
20260808T154020Z,product-3,product,B,8,0,0,0,0.4389,2.0000,3949,17,0
20260808T154020Z,product-4,product,A,8,0,0,0,0.0000,5.0000,2756,10,0
20260808T154020Z,product-4,product,B,8,0,0,0,0.4077,3.0000,3893,17,1
20260808T154020Z,product-5,product,A,8,0,0,0,0.7646,4.0000,2725,10,0
20260808T154020Z,product-5,product,B,8,0,0,0,0.2675,2.0000,3882,17,0
20260808T154020Z,policy-1,policy,A,8,0,0,0,0.7206,2.0000,2699,10,0
20260808T154020Z,policy-1,policy,B,8,0,0,0,0.4688,3.0000,3914,17,2
20260808T154020Z,policy-2,policy,A,8,0,0,0,0.2074,4.0000,2687,10,0
20260808T154020Z,policy-2,policy,B,8,0,0,0,0.3285,3.0000,3907,17,1
20260808T154020Z,policy-3,policy,A,8,0,1,0,0.8173,4.0000,2676,10,0
20260808T154020Z,policy-3,policy,B,8,0,0,0,0.2493,3.0000,3915,17,1
20260808T154020Z,policy-4,policy,A,8,0,0,0,0.1367,5.0000,2699,10,0
20260808T154020Z,policy-4,policy,B,8,0,0,0,0.1878,4.0000,3840,17,2
20260808T154020Z,policy-5,policy,A,8,0,0,0,0.2522,4.0000,2681,10,0
20260808T154020Z,policy-5,policy,B,8,0,0,0,0.3219,4.0000,3897,17,1
20260808T154020Z,science-1,science,A,8,0,0,0,0.3872,5.0000,2700,10,0
20260808T154020Z,science-1,science,B,8,0,0,0,0.3881,3.0000,3878,17,0
20260808T154020Z,science-2,science,A,8,0,0,0,0.3601,4.0000,2742,10,0
20260808T154020Z,science-2,science,B,8,0,0,0,0.5771,3.0000,3903,17,3
20260808T154020Z,science-3,science,A,8,0,0,0,0.2623,5.0000,2687,10,0
20260808T154020Z,science-3,science,B,8,0,0,0,0.5646,3.0000,3901,17,1
20260808T154020Z,science-4,science,A,8,0,0,0,0.0617,5.0000,2685,10,0
20260808T154020Z,science-4,science,B,8,0,0,0,0.2005,2.0000,3909,17,1
20260808T154020Z,science-5,science,A,8,0,0,0,0.1199,5.0000,2698,10,0
20260808T154020Z,science-5,science,B,8,0,0,0,0.0417,2.0000,3858,17,4
20260808T154020Z,design-1,design,A,8,0,0,0,0.4598,5.0000,2729,10,0
20260808T154020Z,design-1,design,B,8,0,0,0,0.6730,3.0000,3889,17,0
20260808T154020Z,design-2,design,A,8,0,0,0,0.1969,5.0000,2706,10,0
20260808T154020Z,design-2,design,B,8,0,0,0,0.3675,3.0000,3902,17,1
20260808T154020Z,design-3,design,A,0,1,0,0,0.0000,1.0000,242,2,0
20260808T154020Z,design-3,design,B,8,0,0,0,0.4728,3.0000,3873,17,0
20260808T154020Z,design-4,design,A,8,0,0,0,0.2297,4.0000,2723,10,0
20260808T154020Z,design-4,design,B,8,0,0,0,0.1915,2.0000,3912,17,3
20260808T154020Z,design-5,design,A,8,0,0,0,0.1553,4.0000,2707,10,0
20260808T154020Z,design-5,design,B,8,0,0,0,0.2380,3.0000,3845,17,1
